CNPJ_Companhia;Data_Referencia;Versao;ID_Documento;Nome_Companhia;Quantidade_Acionistas_PF;Quantidade_Acionistas_PJ;Quantidade_Acionistas_Investidores_Institucionais;Quantidade_Acoes_Ordinarias_Circulacao;Percentual_Acoes_Ordinarias_Circulacao;Quantidade_Acoes_Preferenciais_Circulacao;Percentual_Acoes_Preferenciais_Circulacao;Quantidade_Total_Acoes_Circulacao;Percentual_Total_Acoes_Circulacao;Data_Ultima_Assembleia
02.635.522/0001-95;2026-03-31;3;153939;JALLES MACHADO S.A.;24991;95;121;96822690;31.898000;0;0.000000;96822690;31.898000;2025-07-23
06.981.381/0001-13;2026-03-31;4;152232;CTC - CENTRO DE TECNOLOGIA CANAVIEIRA S.A.;0;84;1;63838800;19.903000;0;0.000000;63838800;19.903000;2025-06-26
07.628.528/0001-59;2026-06-30;1;153635;BRASILAGRO - CIA BRAS DE PROP AGRICOLAS;110081;259;86;63307258;61.653000;0;0.000000;63307258;61.653000;2025-10-22
08.070.508/0001-78;2026-03-31;3;153733;RAIZEN ENERGIA S.A.;0;2;0;0;0.000000;0;0.000000;0;0.000000;2024-07-30
08.322.396/0001-03;2026-03-31;2;153622;CERRADINHO BIOENERGIA S.A.;6;3;0;0;0.000000;0;0.000000;0;0.000000;2024-06-18
33.453.598/0001-23;2026-03-31;5;153732;RA�ZEN S.A.;134845;659;312;0;0.000000;1198936529;88.226000;1198936529;11.581000;2025-07-31
51.466.860/0001-56;2026-03-31;6;153943;SAO MARTINHO S.A.;29322;236;541;123583436;37.175000;0;0.000000;123583436;37.175000;2025-07-25
59.196.897/0001-13;2026-03-31;1;149513;CONCESSION�RIA DE RODOVIAS PRVIAS S.A.;0;1;0;1117148161;100.000000;0;0.000000;1117148161;100.000000;2025-06-16
64.904.295/0001-03;2026-02-28;2;153674;CAMIL ALIMENTOS S.A.;37811;117;220;96218424;27.491000;0;0.000000;96218424;27.491000;2025-07-30
88.613.658/0001-10;2026-06-30;1;153599;PETTENATI S.A. INDUSTRIA TEXTIL;2926;74;0;16016924;100.000000;32029564;100.000000;48046488;100.000000;2025-10-28
